Source,Target
339622,404
342003,404
339622,1121
342003,1121
63749,1237
295459,1237
330594,1237
339622,1237
342003,1237
357340,1237
339622,1388
344059,1591
339622,1769
97286,1806
161106,1806
319311,1806
339622,1806
357340,1806
339622,1907
339622,1921
339622,2294
339622,2311
19221,2315
2315,2323
2330,2323
2315,2330
63749,2346
66883,2346
140433,2346
221739,2346
295459,2346
302234,2346
330594,2346
330556,2346
333263,2346
336343,2346
338047,2346
339622,2346
339629,2346
26664,2368
105956,2368
302234,2368
339622,2368
342003,2368
63749,2370
106696,2370
302646,2370
339622,2370
342003,2370
339622,2372
267310,2626
330504,2626
339622,2626
97286,2723
149118,2723
339622,2723
357340,2764
330594,2768
330544,2768
339622,2835
66875,2868
66876,2868
314121,2868
339622,2868
342003,2868
116226,3088
339622,3626
339622,3631
339622,3765
330504,3934
339622,3934
63749,4149
275883,4149
302234,4149
339622,4149
339885,4149
342003,4149
357340,4149
330504,4192
330594,4192
330588,4192
144258,4200
330594,4200
339629,4200
330594,4325
339622,4376
330504,4514
26559,6340
330594,6340
330621,6340
185004,6406
197545,6406
330504,6406
339622,6406
8654,6408
275909,6408
330504,6408
339622,6408
340165,6408
342003,6408
158188,6464
330594,6464
339622,6464
144258,6911
339622,7176
8654,8651
314121,8651
140433,8654
302234,8654
314121,8654
330531,8654
339622,8654
342003,8654
357340,8654
8654,8662
304813,8662
8654,8668
8686,8668
8654,8686
63749,8686
339622,8686
275946,8692
276021,8692
314121,8692
330531,8692
339622,8692
339622,8752
330531,8770
339622,8770
97286,9004
99762,9004
147353,9004
305769,9004
339622,9004
342003,9004
330531,9023
336343,9023
339622,9023
158188,9040
330594,9040
266866,9758
339622,9758
314121,9927
339622,9927
342003,9927
158188,10106
302646,10106
330594,10106
27544,10284
283564,10284
330594,10284
339622,10284
132826,10620
185005,10620
10620,10623
185004,10623
185845,10688
185947,10688
339622,10688
330594,10717
330621,10717
66634,10739
11578,11577
158188,11577
330594,11577
158188,11578
330594,11578
158188,11664
330594,11664
330638,11664
302234,11685
339622,11685
342003,11685
97286,11804
97283,11804
339622,11804
97286,11871
339622,11871
158188,12312
330594,12312
330544,12312
330588,12312
333636,12312
339622,12312
54654,12326
221727,12326
330594,12326
330588,12326
333483,12326
339622,12326
339622,13830
94919,13854
342003,13854
63749,14061
242837,14061
275883,14061
276021,14061
283564,14061
330504,14061
330772,14061
338047,14061
342003,14061
339622,14409
59054,14577
302234,14577
319689,14577
63749,15401
95048,15401
339622,15401
342003,15401
357340,15401
330594,15405
158188,15413
330594,15413
66628,15560
330504,15799
339622,15799
314121,16171
330594,16171
342003,16171
123058,16293
302255,16293
330594,16293
339622,16550
16550,16555
140433,16555
155229,16555
275883,16555
339622,16555
339629,16555
339932,16555
330594,16640
330594,16692
158188,16766
330594,16766
144258,17728
330594,17728
330544,17728
129479,17906
339622,17906
339622,18112
180204,18119
330621,18119
330594,18181
339622,18299
339629,18299
339622,18308
339629,18308
339622,18439
339629,18439
339622,18458
339622,18486
6911,18862
275883,18862
301327,18862
330504,18862
336343,18862
339622,18862
342003,18894
330594,18956
95933,19021
330594,19154
158188,19189
330594,19189
19207,19208
19208,19209
19224,19209
19250,19209
19220,19213
19208,19213
106696,19213
339622,19213
19220,19215
19220,19218
127216,19218
19207,19220
283564,19220
19207,19224
19220,19224
19208,19224
201648,19224
275883,19224
302234,19224
336343,19224
339622,19224
339885,19224
342003,19224
19220,19250
127216,19250
336343,19250
330594,19319
63749,19585
140433,19585
330504,19589
330531,19589
339622,19589
302234,19592
316597,19592
333636,19592
339622,19597
144258,19678
330504,19678
339622,19678
330517,19880
330594,19880
330588,19880
330613,19880
330655,19880
330680,19880
333768,19880
127266,19914
330594,19914
339622,19954
275855,20233
330504,20233
339622,20233
357340,20233
339622,20387
339622,20456
339622,21787
6911,21829
158188,21829
330594,21829
158188,21941
330594,21941
339622,21941
63749,22711
339622,22711
342003,22711
6911,22832
330504,22832
339622,22832
96983,22956
275883,22956
302255,22956
339622,22956
340165,22956
342003,22956
309299,23730
339622,23730
106696,23758
283564,24036
330594,24064
339622,24374
314121,24563
338138,24636
339622,24636
339622,24647
339622,24736
330504,24790
330594,24790
330544,24790
339622,24790
330504,24881
339622,24881
330594,25192
32146,25737
115207,25737
129479,25737
339622,25737
339622,25773
330771,25974
330594,26200
330638,26200
333290,26200
275883,26279
339622,26279
342003,26279
26407,26405
330621,26498
127215,26517
330594,26518
330594,26524
330613,26524
330594,26529
330621,26529
314121,26533
342003,26533
330505,26539
330621,26539
330544,26541
342003,26541
339622,26542
111718,26543
123058,26543
302255,26543
314121,26543
330594,26543
330613,26543
330680,26543
339622,26543
342003,26543
26559,26569
330594,26569
330621,26569
330594,26571
330621,26571
330613,26571
302234,26572
330613,26572
333550,26572
302234,26581
339622,26581
342003,26581
339622,26664
342003,26664
283564,26699
330531,26699
339622,26699
330594,26899
97286,27351
339622,27351
158188,27355
27496,27489
27505,27490
27492,27494
27497,27496
27484,27496
27515,27496
330504,27496
27492,27497
27492,27498
27514,27499
27500,27499
27501,27499
27504,27499
27508,27499
27504,27500
146905,27501
158188,27501
222577,27501
275883,27501
330588,27501
339622,27501
339885,27501
27498,27504
27484,27504
27515,27504
330504,27504
27494,27505
27484,27505
27515,27505
330504,27505
27504,27514
221727,27514
27496,27524
221727,27524
27505,27526
221727,27526
27526,27537
27490,27537
27501,27537
27505,27537
27508,27537
27524,27544
27489,27544
27501,27544
27496,27544
27508,27544
97286,27641
275926,27641
339622,27641
275946,28397
276021,28397
314121,28397
330531,28397
339622,28397
330531,28413
339622,28413
330594,28437
339622,29359
342003,29359
357340,29359
339622,29995
339622,30358
302255,30513
339622,30513
342003,30513
330594,30750
158188,30835
330594,30835
302234,30860
342003,30860
339622,31328
330594,31400
339622,31604
342003,31604
138994,31827
330594,31827
330621,31827
129479,32146
266866,32146
339622,32146
97286,32263
339622,32263
97286,32267
339622,32500
330594,32529
52410,32646
122920,32646
125222,32646
158188,32646
159450,32646
159467,32646
159454,32646
357340,32646
330594,32792
330638,32792
330594,32823
330594,32906
309299,32935
339622,33096
171596,33113
339622,33113
275883,33133
339622,33133
339622,33219
110731,33253
221727,33253
339622,33253
33260,33256
339622,34622
357340,34622
339622,35222
199581,35244
339622,35289
173758,35922
330594,35922
158188,35946
330594,35954
302234,36727
35959,36815
330594,36815
330594,37075
339622,37258
339622,37481
339629,37481
339678,37481
69540,37520
158188,37520
330594,37520
339622,37520
330594,37567
330621,37567
284183,38079
330504,38079
330531,38079
339622,38079
1237,38083
330531,38083
339622,38083
339622,38149
339622,38440
275883,38654
330756,38654
339622,38654
275883,38896
339622,38896
122231,39510
283564,39510
309299,39510
330531,39510
330594,39510
339622,39510
158188,39548
190798,39548
330594,39548
6911,39743
339622,39743
330594,39760
330654,39760
39760,39762
39760,39778
39762,39778
330594,39778
339622,39843
339783,39843
340095,39843
340050,39843
330594,39881
342003,39881
339622,40900
6911,41290
96983,41290
242837,41290
336343,41290
339622,41322
97286,41554
339622,41554
330594,41744
158188,41758
330594,41758
330594,41798
339622,41826
342003,41826
6911,42057
336343,42057
339622,42057
330594,42317
330594,42466
307987,42482
158188,42503
330594,42503
330531,42758
339622,42758
158188,42760
342003,42771
330594,42849
330621,42849
8654,43096
123058,44472
251906,44472
276021,44472
302646,44472
314121,44472
330531,44472
339622,44472
309299,44704
339622,44731
339622,44760
26571,44764
330621,44764
339622,44764
342003,44764
302255,44789
339622,44798
63749,44850
275883,44850
302234,44850
302646,44850
322047,44850
339622,44850
339885,44850
342003,44850
357340,44850
339622,44934
45153,45050
45153,45055
45153,45057
319698,45122
330504,45629
339622,45629
275883,45684
275883,45684
339622,45684
339622,45684
342003,45684
342003,45684
144219,45728
222440,45728
302255,45728
339622,45728
357340,45728
358682,45728
330594,46425
330594,47102
330594,47439
330594,47970
97286,48094
339622,48094
339622,48119
97286,48164
339622,48164
367637,48164
275883,48284
339622,48284
357340,48284
123058,48829
220205,48829
302234,48829
339622,48829
342003,48829
368961,48855
158188,48903
222026,49307
330594,49307
330603,49307
339622,49307
340052,49307
275883,50771
339622,50771
339885,50771
275883,50784
339622,50784
339885,50784
339622,51238
161106,51300
275883,51300
339622,51300
339885,51300
340095,51300
97286,52110
330594,52110
97286,52113
97283,52113
339622,52113
187105,52178
339622,52178
97286,52286
339622,52286
158188,52406
158188,52410
330594,52410
330621,52410
339622,52502
97286,53003
330594,53003
97286,53026
339622,53026
339622,53396
123058,53715
302255,53715
339622,53715
339622,53726
339622,53765
63749,53774
339622,53774
246722,53818
275883,53818
339622,53818
161106,53829
339622,53829
330594,53928
330613,53928
330680,53928
333638,53928
330594,54013
330613,54013
339622,54013
342003,54013
158188,54123
339622,54139
45153,54505
330594,54505
358682,54505
63749,54562
339622,54562
340165,54562
339622,55183
342003,55183
330504,55242
339622,55242
330594,55274
330638,55274
6911,56358
330594,57023
330594,57256
339622,57256
97286,57289
339622,57289
330504,57400
342003,57400
309299,58372
339622,58372
66901,58981
330594,59157
330621,59157
275855,59396
339862,59396
340052,59396
330594,59412
339622,59412
106696,59901
339622,59901
342003,59901
330594,59976
330594,60084
330594,60985
96983,61119
242837,61119
336343,61119
241724,61167
339622,61181
330531,61195
339622,61195
48094,61595
97286,61595
97283,61595
161106,61595
288064,61595
292360,61595
339622,61595
352663,61595
358682,61595
365587,61595
97286,61601
339622,61601
367637,61601
339622,61640
21782,61653
97286,61653
292360,61653
338047,61653
339622,61653
342003,61653
358682,61653
302646,61691
339622,61691
342003,61691
330594,62051
330621,62051
336343,62065
339622,62065
275883,62098
339622,62098
330594,62107
339622,62107
339622,62491
339622,62496
275883,62593
276021,62593
339622,62593
342003,62593
63749,62725
330594,63736
339622,63736
26664,63749
140433,63749
330594,63749
339622,63749
339629,63749
342003,63749
336343,63980
339622,63980
341260,64052
330594,64115
339622,64115
330531,64426
330594,64426
330603,64426
330621,64426
158188,65214
223118,65214
330594,65214
330621,65214
339622,65274
123058,65437
314121,65437
330594,65653
330594,65658
97286,65669
305769,65669
339622,65669
357340,65669
339622,65719
330594,65812
330603,65812
163594,65872
302234,65872
302646,65872
314121,65872
339622,65872
322047,65944
18533,65980
97003,66024
330594,66024
330594,66031
330621,66274
8654,66298
275852,66298
314121,66298
330531,66298
339622,66298
342003,66298
158188,66346
330594,66350
158188,66352
330594,66352
66350,66353
330594,66353
330594,66354
339622,66366
66350,66367
330594,66367
66350,66369
330594,66369
330594,66387
330613,66387
330680,66387
275883,66391
158188,66392
330594,66392
330594,66400
158188,66432
330594,66432
6911,66434
144258,66434
275852,66434
69182,66440
69178,66440
87712,66440
330594,66440
330544,66440
330638,66440
339622,66440
330531,66445
339622,66445
342003,66445
129414,66446
330504,66446
330531,66446
339622,66446
158188,66454
158335,66454
330594,66454
330594,66471
330621,66471
330594,66476
339622,66476
339622,66477
146905,66478
330621,66478
221727,66485
123058,66495
140433,66499
330737,66499
342003,66499
330531,66503
339622,66503
97286,66510
308581,66510
339622,66510
339932,66510
330504,66518
339622,66518
330594,66522
330621,66522
158188,66524
330594,66540
339622,66543
158188,66548
190798,66548
288723,66548
330594,66548
330594,66557
6911,66580
106696,66580
301327,66580
66582,66592
66588,66597
66582,66600
138691,66601
330594,66601
330638,66601
339622,66624
144258,66634
330594,66634
330737,66634
333636,66634
66647,66644
330594,66647
339622,66653
246722,66662
330594,66662
330621,66662
339622,66662
339622,66663
330594,66678
94109,66683
122213,66683
339622,66683
66662,66691
221727,66691
221736,66691
221744,66691
330594,66691
339622,66691
66471,66697
330594,66697
330621,66697
6911,66705
242837,66705
246722,66705
277259,66705
330531,66705
336343,66705
339622,66705
339822,66705
339885,66705
90413,66716
330594,66716
330556,66716
158188,66727
158347,66727
330621,66727
330668,66727
69182,66735
123058,66735
339622,66735
26571,66737
314121,66737
330504,66737
330594,66737
330613,66737
283564,66738
330504,66743
339622,66743
330544,66748
221727,66760
339622,66760
158345,66771
330594,66771
330603,66771
330680,66771
330672,66771
333768,66771
357340,66771
330504,66792
339622,66792
339622,66814
339670,66814
339783,66814
340095,66814
340050,66814
340043,66814
339622,66827
340052,66827
158188,66831
123058,66846
330531,66846
339622,66846
330594,66853
339622,66859
330508,66863
330594,66863
221727,66872
314662,66872
158188,66884
316819,66884
339622,66888
158188,66889
316819,66889
158188,66897
330594,66897
339622,66901
330594,66903
158188,66905
330594,66905
221727,66922
314647,66922
66914,66931
56346,66937
330504,66943
339622,66943
158188,66945
301262,66945
330594,66945
346215,66952
330504,66953
339622,66953
275883,66954
339622,66954
330594,66960
339622,66960
123058,66963
66588,66970
330594,66975
330544,66975
158188,66987
228526,66987
339622,66987
330504,67050
97286,67128
339622,67128
339622,67131
339622,67320
302618,67345
330594,67345
330681,67345
66496,67403
123058,67403
302234,67403
302646,67403
330544,67403
330635,67403
339622,67433
330531,67469
339622,67469
87475,67520
275852,67520
330504,67520
330531,67520
339622,67520
97286,67729
339622,67729
330594,68117
339622,68258
339622,68365
302234,68433
339622,68433
342003,68433
96983,68662
144258,68662
242837,68662
301327,68662
336343,68662
339622,68662
275883,68931
309299,69359
339622,69359
340165,69359
342003,69359
330594,69379
69379,69383
330594,69383
69379,69413
330594,69424
342003,69424
97286,69475
330594,69540
339622,69540
330531,69918
339622,69918
339622,70021
100703,70025
6911,70029
339622,70029
339622,70031
63749,70041
295459,70041
339622,70041
342003,70041
144258,70182
330621,70182
339622,70182
158188,70365
330594,70365
330594,70426
158188,70565
330594,70565
330594,70820
125222,71316
330594,71316
330621,71316
330613,71316
330638,71316
275883,71410
339622,71410
339932,71410
330520,71449
339622,71634
342003,71634
241387,72727
339622,72727
37258,72729
240387,81777
66634,87421
158188,87426
330594,87426
158188,87464
330594,87464
66634,87514
96983,87546
106696,87546
336343,87546
87541,87548
330504,87548
330594,87548
87541,87560
330504,87560
330594,87560
330594,87561
339622,87567
302646,87590
330594,87590
342003,87590
18533,87665
144258,87665
330594,87665
330613,87665
87783,87727
330594,87727
97286,87779
330594,87779
333550,87786
330594,87909
330621,87909
330594,87918
339622,87944
339622,87981
330594,88011
87786,88018
333550,88018
330594,88021
330603,88021
123058,88044
158188,88840
158376,88840
330594,88840
330621,88840
158188,88893
330621,88893
330594,89309
330544,89309
339622,89360
339622,89474
125222,89695
330594,89695
330638,89695
333636,89695
158188,89825
330594,89825
90413,90435
90413,90450
90411,90450
339622,90607
330594,90917
158188,90919
330594,90919
330594,90929
330594,90960
158188,91481
339622,91481
330594,91511
339622,91583
339622,91700
158188,91981
330594,91981
66837,92113
92402,92402
339622,92693
330594,92763
330544,92763
339622,93117
339622,93797
339622,93979
339622,94003
339622,94109
129479,94225
266866,94225
339622,94225
339622,94230
342003,94330
339622,94702
158188,94709
330594,94709
330594,94858
330621,94858
275883,94912
339622,94912
339622,94919
158188,95039
330594,95039
330621,95039
330594,95053
339622,95053
330594,95182
330594,95204
330504,95256
339622,95256
63749,95259
302255,95259
314121,95259
338047,95259
342003,95259
330594,95269
330683,95269
336343,95269
339622,95269
63749,95329
332797,95329
339622,95329
342003,95329
37258,95678
342003,95678
339622,95828
9258,95855
95623,95855
339622,95855
157267,96390
157267,96390
158188,96390
158188,96390
339622,96423
339622,96550
339825,96550
330594,96671
330603,96671
330638,96671
333550,96671
333585,96671
158188,96680
206454,96680
242920,96680
330594,96680
330621,96680
339622,96919
336343,96966
339622,96966
97286,97128
339622,97128
97286,97283
232853,97325
275852,97325
302234,97325
330504,97325
336343,97325
339622,97325
339932,97325
340165,97325
342003,97325
6911,97346
227761,97346
33253,97502
221727,97502
339622,97502
66471,97524
330594,97524
339622,97736
342003,97736
339622,97830
330531,97832
342685,97832
357340,97832
330594,98468
330594,98490
26571,98501
158188,98501
302234,98501
330594,98501
330613,98501
69182,98512
275883,98512
339622,98512
357340,98512
330504,98737
339622,98737
357340,98737
158188,98826
163603,98826
298430,98826
330594,98826
6911,98855
339622,98855
339622,98990
330594,99035
199175,99123
330504,99123
330594,99345
97286,99349
339622,99349
339885,99349
342003,99349
144457,99441
221727,99559
246722,99559
246736,99559
330504,99559
339622,99559
339932,99559
221727,99563
221736,99563
221727,99567
246722,99567
246736,99567
330504,99567
339622,99567
339932,99567
339622,99637
342003,99637
275883,99728
275905,99728
339622,99728
340165,99728
158188,99733
330504,99733
330594,99733
330588,99733
330668,99733
97286,99762
339622,99762
63749,100086
123058,100086
275825,100086
339622,100086
342003,100086
275883,100228
339622,100228
158361,100319
330594,100319
158188,100678
330594,100678
330594,100827
330594,100897
342003,100897
19221,101122
260467,101122
339622,101122
97286,101124
339622,101124
330594,101215
365864,101258
101258,101286
365864,101286
131981,101310
106696,101334
339622,101334
302234,101342
330504,101342
339622,101342
339629,101342
339932,101342
342003,101342
357340,101342
282845,101773
330594,101798
333550,101862
275839,101916
339622,101916
357340,101916
97286,101999
339622,101999
330594,102060
330594,102101
233444,102207
339622,102207
339622,102222
233444,102265
339622,102265
330504,102298
339622,102298
6911,102490
330504,102490
330594,102695
340052,103568
338047,104093
106696,104196
339622,104196
330556,104212
330594,104250
330594,104250
330594,104254
330594,104255
330594,104258
330594,104261
339622,104609
339622,105152
339622,105508
330594,105557
158188,105575
330594,105575
330594,105585
330594,105598
330594,105607
6911,105616
336343,105616
87475,105644
158188,105669
158396,105669
190798,105669
330594,105669
330621,105669
339622,105737
339622,105934
330594,105936
330567,105936
330613,105936
330703,105936
339622,105956
339622,105984
342003,105984
123058,106416
302646,106416
330504,106416
330594,106416
330544,106416
330588,106416
330504,106419
339622,106419
339622,106435
6911,106528
339622,106528
339629,106528
302234,106574
302646,106574
339622,106574
342003,106574
26154,106604
221739,106604
283564,106604
302255,106604
302646,106604
339622,106604
342003,106604
339622,106630
106696,106693
6911,106696
37258,106696
38083,106696
161106,106696
197545,106696
275852,106696
275883,106696
302234,106696
314121,106696
330504,106696
336343,106696
339622,106696
342003,106696
357340,106696
314121,106697
339622,106697
339622,106702
339622,106707
106696,106715
106696,107003
339629,107003
221727,107019
221739,107019
302646,107019
314121,107019
330531,107019
342003,107019
302646,107020
314121,107020
330531,107020
338047,107020
342003,107020
302646,107024
314121,107024
330531,107024
338047,107024
342003,107024
63749,107047
106696,107047
302234,107047
342003,107047
106696,107116
339622,107116
106696,107164
6911,107189
137122,107189
275895,107189
330544,107189
330638,107189
342003,107189
137122,107191
275895,107191
330544,107191
330638,107191
342003,107191
275883,107193
339622,107193
339622,107231
107374,107245
339622,107245
63749,107266
106696,107266
339622,107266
342003,107266
106697,107269
336343,107269
106696,107275
339622,107278
330594,107322
275883,107355
339622,107355
106696,107435
339629,107435
302234,107465
339622,107465
342003,107465
106696,107502
106696,107504
283564,107525
339622,107525
122213,107529
339622,107529
105956,107532
339622,107532
342003,107532
302255,107537
106696,107560
106693,107560
160174,107560
106696,107567
106696,107579
161106,107579
339622,107579
275963,107593
97286,107643
292368,107643
330594,107643
97286,107647
292360,107647
339622,107647
106696,107662
161106,107662
336343,107662
339629,107662
357340,107662
26664,108155
140433,108155
302234,108155
302646,108155
330594,108155
330621,108155
339622,108155
342003,108155
339622,108357
339622,108579
357340,108579
339622,108607
357340,108607
97286,108635
339622,108635
123058,108912
302234,108912
6911,108959
105615,108959
275883,108959
336343,108959
339622,108959
330594,108968
330680,108968
158188,109081
190798,109081
339622,109241
330594,110637
275883,110638
339622,110638
97830,110771
330531,110771
23758,111023
106696,111023
339622,111442
123058,111718
140433,111718
302234,111718
339622,111718
342003,111718
97286,112110
97283,112110
339622,112110
97286,112203
292360,112203
339622,112203
339622,114661
339622,114699
339622,114701
340095,114701
327581,114722
330594,114722
333290,114722
339622,114722
114846,114839
330504,114839
330594,114839
114841,114844
330504,114844
330594,114844
114841,114855
330504,114855
330594,114855
114846,114884
330504,114884
330594,114884
339622,115024
339622,115207
222026,115254
330504,115254
342003,115270
63749,115368
111718,115368
338047,115368
339622,115368
340165,115368
140433,115556
330594,115848
339622,115869
94189,116226
116676,116672
8654,116673
8686,116673
116676,116673
339622,116673
330594,116676
332632,116676
339622,116676
340165,116676
342003,116676
116676,116678
116676,116679
332632,116679
116676,116680
314121,116680
116676,116682
332632,116682
342003,116682
116676,116683
302234,116683
342003,116683
116676,116684
116676,116689
116676,116701
319689,116701
116676,116777
221727,117038
339622,117038
339622,117144
275883,117237
302234,117237
339622,117237
342003,117237
6911,118887
275883,118887
336343,118887
339622,119060
266866,119359
339622,119359
330504,119395
339622,119395
339622,119953
158188,120521
330556,120521
333465,120521
158188,120523
330621,120523
333465,120523
339622,120603
330594,120604
158188,120636
330594,120636
339622,120636
342003,120920
330594,121884
330638,121884
242837,122115
330504,122115
336343,122115
339622,122115
357340,122115
339622,122213
123058,122266
26664,122820
63749,122820
158850,122820
283564,122820
302234,122820
302255,122820
302646,122820
339622,122820
342003,122820
330504,122910
339622,122910
330504,123036
330668,123036
339622,123036
339622,123526
339670,123526
339783,123526
340095,123526
340050,123526
340043,123526
19221,123560
330594,123560
330638,123560
339622,123560
339622,123761
339622,123763
158188,123767
275883,123767
330594,123767
339622,123767
339785,123767
339622,123846
342003,123846
178992,123907
275883,123907
339622,123907
357340,123907
24521,124533
105737,124533
328550,124533
339622,124533
342003,124975
106696,125080
229301,125114
330594,125114
242837,125207
336343,125207
330594,125222
330621,125222
333550,125222
339622,125222
342003,125245
63749,126547
339622,126547
342003,126547
357340,126547
97286,127062
330594,127062
339622,127124
97286,127168
339622,127168
19220,127216
330531,127216
339622,127219
330594,127226
342003,127243
295459,127266
97286,127362
339622,127362
97286,127452
339622,127452
97286,127458
26559,127493
26569,127493
111718,127493
276021,127493
69182,127540
339622,127540
339783,127540
340095,127540
340050,127540
123058,127743
283564,127743
302234,127743
314121,127743
322047,127743
339622,128143
339622,129022
129124,129123
330594,129123
330638,129123
330594,129124
330638,129124
129129,129126
330621,129126
330621,129129
87712,129189
26154,129214
129655,129639
1237,129663
336343,129663
339622,129663
339885,129663
357340,129663
339622,129790
339783,129790
275909,129929
339622,129929
339670,129929
339783,129929
340095,129929
340050,129929
340043,129929
123058,130068
131472,130297
131499,130297
131515,130297
131590,130297
131622,130297
131595,130297
97286,130398
292360,130398
339622,130398
302234,130779
158188,130895
330594,130895
158188,131067
158347,131067
330504,131067
330517,131067
330594,131067
330588,131067
97286,131461
339622,131461
130289,131499
339622,131961
322047,131981
339622,132037
330594,132059
330504,132152
185005,132826
339622,133011
339622,133018
97286,133491
339622,133491
97286,133505
339622,133505
123058,133966
302255,133966
307987,133966
314121,133966
339622,133966
340165,133966
342003,133966
63749,133986
302234,133986
339622,133986
342003,133986
97529,134802
161106,134802
336343,134802
339622,134802
339622,134938
158188,135030
330621,135030
330504,135087
339622,135087
339622,135204
339622,136669
330594,136819
330621,136819
339622,136819
140433,136835
275883,136835
178992,136896
330594,136896
330594,137232
339622,137713
221727,137887
330504,138440
339622,138440
339622,138469
97286,138884
339622,138884
339622,139097
342003,139097
66922,139251
339810,139251
97286,139678
339622,139678
97286,139712
292360,139712
339622,139712
275883,140416
339622,140416
342003,140416
63749,140420
339622,140420
342003,140420
63749,140432
106696,140432
63749,140433
106696,140433
330594,140433
339622,140433
275883,140455
336343,140455
339622,140455
339885,140455
342003,140455
140433,140489
339622,140593
330594,140652
330594,140775
330594,140956
330594,140960
330594,140962
330594,140965
186158,141046
330504,141357
339622,141357
357340,141357
141390,141390
158188,141390
330594,141390
330594,141406
330716,141406
330594,141412
339622,141412
240322,141460
96983,141910
157273,141910
336343,141910
339622,141910
96983,141924
275883,141924
330504,141924
339622,141924
96983,141930
336343,141930
199547,142268
330504,142268
6911,142346
96966,142346
106696,142346
275883,142346
288084,142346
295574,142346
339622,142346
357340,142346
161106,142557
339622,142557
158188,142874
330504,142874
339622,142874
19319,143143
275852,143195
339622,143195
330594,143198
158188,143410
330594,143410
330531,143427
330504,143431
158188,143623
158347,143623
339622,143668
339622,143700
97286,143822
97283,143822
275990,143822
288064,143822
302234,143822
339622,143822
342003,143822
330594,143873
330603,143873
106696,144082
339622,144082
330594,144096
333290,144096
339622,144195
6911,144219
357340,144219
358682,144219
339622,144242
339622,144368
8654,144505
275946,144505
330737,144505
339622,144505
340165,144505
342003,144505
339622,144934
87475,144996
330594,144996
97286,145041
314121,145041
339622,145257
339629,145257
342003,145257
302234,145316
338047,145316
339622,145316
342003,145316
330504,145334
339622,145334
342003,145334
330594,145468
330594,145478
205534,145487
205549,145487
221727,145487
330621,145487
339622,145487
221727,145490
330594,145490
339622,145490
123058,145641
339622,145641
106696,146074
302234,146074
314121,146074
330544,146120
94919,146214
37258,146337
302234,146337
339622,146337
340131,146337
342003,146337
339622,146423
158188,146618
330504,146618
158188,146905
330504,146905
330588,146905
330627,146905
158188,146916
330504,146916
330588,146916
330627,146916
339622,147136
158188,147157
330594,147157
339622,147281
97286,147353
339622,147353
339622,147599
339622,147606
339622,148761
158188,148767
275883,148767
302646,148767
330504,148767
330517,148767
330531,148767
330594,148767
330588,148767
330621,148767
338047,148767
339885,148767
342003,148767
339622,148769
97286,149118
339622,149118
158188,149776
97286,150122
339622,150122
179623,150187
330594,150241
330556,150241
97286,150286
150286,150288
150286,150300
150288,150300
150286,150308
150288,150308
123058,150340
158188,150340
97286,150783
339622,150783
158188,150861
330594,150861
330621,150861
339622,150875
339622,151241
87712,151253
87712,151270
339622,151270
63749,152131
302234,152131
302646,152131
338047,152131
339622,152131
342003,152131
63749,153147
302234,153147
323388,153147
330504,153147
339622,153147
87712,153676
63749,153888
158184,153888
221739,153888
302234,153888
330594,153888
330556,153888
338047,153888
339622,153888
339622,155339
342003,155339
26664,156107
63749,156107
66496,156107
105956,156107
302234,156107
302646,156107
339622,157037
157096,157100
158188,157203
330504,157269
330531,157269
339622,157269
330594,157300
330594,157431
330638,157431
339622,157622
140433,157806
330504,157806
338047,157806
339622,157806
340165,157806
342003,157806
330594,158128
158188,158178
330594,158178
221727,158184
330594,158195
330594,158204
330594,158227
330544,158227
158188,158238
330594,158238
330594,158248
330594,158250
158188,158252
330594,158252
330594,158266
330544,158266
330603,158266
330654,158266
330594,158272
330544,158272
330594,158274
330603,158274
330626,158274
330594,158296
158188,158297
314121,158297
330594,158300
330594,158318
158188,158334
330594,158345
330594,158354
97003,158356
144258,158356
158188,158367
314121,158367
123058,158373
158188,158373
333465,158373
330594,158374
330594,158377
330638,158388
158188,158394
158188,158396
330594,158396
330621,158396
106696,158421
339622,158421
339622,158611
63749,158756
302234,158756
339622,158756
342003,158756
357340,158756
87909,158801
330594,158801
330621,158801
330638,158801
87712,158807
123058,158925
330594,158940
330544,158940
330621,158940
339622,159208
97286,159254
246722,159254
336343,159254
339622,159254
330594,159264
66660,159442
158188,159442
159450,159442
159454,159442
330594,159442
159454,159443
52410,159450
158188,159450
159443,159450
159442,159450
159454,159450
330594,159450
66494,159453
158188,159453
159450,159453
159467,159453
159454,159453
330594,159453
159450,159467
159443,159467
159454,159467
339622,159546
342003,159546
330594,160188
314121,160387
342003,160387
302234,160500
339622,160500
342003,160500
123058,160522
275825,160522
123058,160524
275825,160524
338047,160582
339622,160582
342003,160582
162156,160760
339622,160898
161106,160960
339622,160960
1237,161106
339622,161106
97286,161462
339622,161462
330594,161543
330621,161543
158188,161767
330594,161767
339622,162375
339622,162600
295574,162667
1237,162674
138691,162674
177118,162674
330594,162674
339622,162674
357340,162674
97286,162746
162742,162746
339622,162746
340165,162746
162742,162756
162742,162784
97286,163062
339622,163062
97286,163063
330594,163063
330594,163172
339622,163206
330594,163222
330594,163328
158188,163345
302234,163345
302646,163345
338047,163345
339622,163359
339622,163372
339622,163372
338047,163377
163377,163390
330594,163566
330621,163566
330594,163569
330621,163569
163569,163577
330594,163577
330603,163577
330621,163577
373041,163577
339622,163594
323388,163598
339622,163598
330594,163846
339622,163846
339885,163846
339622,164045
330504,164106
339622,164106
96966,164116
339622,164116
339622,164786
342003,164786
339622,164862
339622,165188
106696,165351
330594,166136
339622,166136
339622,166528
302234,166592
339622,166592
342003,166592
158188,166816
314121,166816
322047,166816
330621,166816
342003,166816
123058,166868
330594,166868
339622,166868
158188,167021
330594,167028
330638,167028
158188,167151
339622,167196
97286,167317
339622,167317
97286,167459
339622,167459
275883,167514
339622,167514
275883,167541
314625,167541
339622,167541
339885,167541
357340,167541
63749,167557
66883,167557
167541,167557
275883,167557
302234,167557
339622,167557
339885,167557
342003,167557
275825,167566
339622,167566
339675,167566
340165,167566
6911,167610
22711,167610
44760,167610
44798,167610
63749,167610
96966,167610
107193,167610
109621,167610
142346,167610
161106,167610
164830,167610
167541,167610
269255,167610
275839,167610
275883,167610
275973,167610
301327,167610
302234,167610
302255,167610
330504,167610
336343,167610
339622,167610
339629,167610
339670,167610
339783,167610
339885,167610
339932,167610
340095,167610
340050,167610
342003,167610
97286,167655
161106,167655
339622,167655
339622,167665
21782,167958
97286,167958
168120,167958
169807,167958
244235,167958
339622,167958
339622,167960
339622,168120
339622,168122
158188,168302
330594,168302
330594,168678
330594,168687
275883,169068
339622,169068
97286,169192
275883,169192
339622,169192
158188,169277
330504,169277
330517,169277
330594,169277
330588,169277
339622,169445
361315,169724
97286,169800
339622,169807
330594,170115
330594,170143
97286,170182
339622,170182
348760,170182
339622,170956
97286,170986
292360,170986
339622,170986
275883,171274
275883,171274
339622,171274
339622,171274
330594,171293
330544,171293
330504,171551
339622,171551
339622,171596
330594,171619
339622,171619
330594,171926
339622,171949
330594,172063
330621,172063
333636,172063
26571,172149
314121,172149
330594,172149
330621,172149
97286,172160
339622,172160
330594,172202
330594,172227
330621,172227
339622,172307
339622,172513
330594,173008
330621,173008
37523,173233
275883,173321
330531,173321
339622,173321
339622,173391
330594,173645
339622,173709
330505,173763
330603,173763
330621,173763
330638,173763
302234,174662
330594,174662
330621,174662
339622,174936
342003,174936
339622,175032
314582,175033
291805,175045
275883,175159
158188,175162
330594,175162
330504,175422
339622,175422
158184,175547
330594,175547
97286,175607
339622,175607
330594,176079
330594,176371
227723,176451
354598,176451
158188,176466
330594,176466
330621,176466
105615,176526
19221,176632
330594,177368
158188,177369
330594,177369
339622,177372
330504,177589
330594,178001
330594,178161
339622,178161
342003,178161
339622,178415
29963,178457
314121,178457
334503,178457
330594,178490
58854,178676
178686,178676
330544,178677
178677,178686
323388,178686
330504,178686
330544,178686
333594,178686
187439,179044
275883,179044
339622,179044
339810,179044
179044,179046
179054,179046
275883,179046
290151,179046
339622,179046
339810,179046
6911,179050
333415,179050
339622,179051
179044,179054
290151,179054
339622,179054
339810,179054
339622,179063
339810,179063
339622,179111
330531,179296
330594,179303
330621,179303
339622,179319
302234,179340
314121,179340
330594,179340
339622,179340
97286,179606
339622,179606
339622,179623
339622,179666
339622,179672
187105,179682
339622,179682
97286,179687
339622,179687
339622,179717
97286,179731
97283,179731
339622,179731
339622,179777
133060,179981
330594,179981
330621,179981
125222,180204
330594,180204
330603,180204
330638,180204
6911,180550
330594,180550
11521,181115
21787,181115
97286,181115
140433,181115
275907,181115
24736,181768
339622,181768
339622,182001
339622,182705
37258,182831
339622,182831
339622,183042
133011,183051
275883,183051
332474,183051
339622,183051
339629,183051
339885,183051
339622,183059
330544,183060
61195,183288
339622,183391
342003,183391
24661,183988
330594,183988
24661,183995
330621,183995
330594,184006
330544,184006
301285,184036
158188,184072
330504,184072
330594,184072
330588,184072
301285,184098
339622,184335
339622,184401
339622,184460
221727,184958
330594,184958
339622,184958
339622,184972
330594,184973
357340,184973
330594,184989
185005,185004
330504,185004
339622,185004
185079,185069
6911,185100
38083,185100
242837,185100
339622,185100
201648,185157
330594,185157
330603,185157
330613,185157
339622,185187
184958,185263
285298,185263
330594,185417
339622,185431
330594,185474
87712,185514
97286,185514
339622,185514
97286,185543
339622,185546
339622,185547
97286,185551
339622,185551
330588,185573
275883,185736
339622,185736
330594,185742
144258,185745
275808,185745
275852,185745
330504,185745
339622,185745
158188,185803
330594,185803
330621,185803
339622,185809
97286,185810
144258,185810
221727,185810
336343,185810
339622,185810
6911,185840
185845,185840
221727,185845
336343,185845
185840,185848
185845,185848
185851,185848
185929,185848
185973,185848
221727,185848
6911,185861
144258,185929
339622,185929
339622,185947
6911,185959
185840,185959
185845,185959
185973,185959
336343,185959
94109,185960
185845,185960
339622,185960
185840,185967
330504,185967
336343,185967
185840,185973
302255,185989
339622,185989
342003,185989
322047,186100
186158,186119
6911,186158
66496,186158
161106,186158
275883,186158
330594,186505
221727,186513
339622,186538
339622,186717
330594,186734
339622,187105
97286,187259
339622,187259
330594,187260
339622,187346
97286,187432
97286,187439
275852,187439
330504,187439
330531,187439
339622,187439
342003,187439
97286,187441
97286,187451
275852,187451
330504,187451
330531,187451
339622,187451
342003,187451
330594,187819
127216,187915
199175,187915
339622,187915
127216,187916
158188,187917
199175,187917
330621,187917
127216,187920
127216,187921
158188,187921
199175,187921
330594,187921
339622,187921
127216,187923
158188,187923
199175,187923
330594,187923
339622,187923
127216,187924
158188,187924
199175,187924
330621,187924
339622,187924
127216,187925
158188,187925
199175,187925
330621,187925
339622,187925
127216,187929
158188,187929
199175,187929
330621,187929
339622,187929
127216,187930
158188,187930
199175,187930
330621,187930
339622,187930
127216,187931
158188,187931
199175,187931
330621,187931
339622,187931
127216,187932
158188,187932
199175,187932
330621,187932
339622,187932
127216,187936
158188,187936
199175,187936
330621,187936
339622,187936
127216,187944
158188,187944
199175,187944
330621,187944
339622,187944
199175,187976
339622,187976
127216,187977
199175,187977
339622,187977
127216,187978
199175,187978
339622,187978
127216,187979
199175,187979
339622,187979
127216,187980
199175,187980
339622,187980
127216,187982
199175,187982
339622,187982
127216,187983
199175,187983
339622,187983
127216,187984
199175,187984
339622,187984
127216,187986
199175,187986
339622,187986
199175,187987
127216,187988
199175,187988
339622,187988
158188,187989
199175,187989
330621,187989
127216,187990
199175,187990
339622,187990
158188,187991
199175,187991
330621,187991
127216,187992
199175,187992
339622,187992
158188,187994
199175,187994
330621,187994
127216,187995
199175,187995
339622,187995
158188,187996
199175,187996
330594,187996
158188,187997
199175,187997
330594,187997
199175,187998
158188,187999
199175,187999
330621,187999
158188,188001
199175,188001
330621,188001
158188,188002
199175,188002
330621,188002
339622,188003
199175,188005
339622,188005
158188,188006
199175,188006
330621,188006
158188,188007
199175,188007
330621,188007
199175,188008
339622,188008
158188,188009
199175,188009
330621,188009
199175,188010
339622,188010
199175,188011
339622,188011
158188,188012
199175,188012
330621,188012
199175,188013
339622,188013
199175,188015
339622,188015
199175,188016
339622,188016
127216,188017
158188,188017
199175,188017
330621,188017
339622,188017
199175,188018
339622,188018
127216,188019
199175,188021
339622,188021
199175,188022
339622,188022
199175,188036
339622,188036
199175,188038
339622,188038
199175,188041
339622,188041
127216,188074
199175,188074
339622,188074
330594,188098
223399,188106
158188,188111
199175,188111
330621,188111
127216,188152
158188,188152
199175,188152
330621,188152
339622,188152
330594,188255
330594,188263
106696,188538
339622,188538
123058,188569
155339,188569
339622,188569
342003,188569
330594,188833
63749,188854
66883,188854
187439,188854
221727,188854
336343,188854
339622,188854
339885,188854
339932,188854
342003,188854
354761,188854
357340,188854
358682,188854
333248,189322
339622,189322
158188,189619
330594,189619
330594,189639
158188,190065
330594,190065
330603,190164
221727,190173
275883,190173
339622,190173
339885,190173
357340,190173
106696,190287
66678,190327
330594,190336
283564,190423
158188,190798
330594,191208
186513,191358
339622,191360
340165,191360
339622,191370
97286,191540
339622,191540
158188,191605
330594,191605
69182,191641
339622,191641
342003,191641
30072,191757
31758,191757
242837,191757
309142,191757
115012,191803
330756,191803
53040,191821
330594,191821
330621,191821
330594,191942
330594,191943
192208,192006
144258,192208
158188,192208
301285,192208
123058,192397
283564,192397
319689,192397
339622,192397
342003,192397
54654,192406
186513,192429
54654,192443
186513,192484
339622,192837
314121,194466
330504,194590
330531,194590
339622,194590
339622,194663
330594,194791
338047,194791
339622,194791
339629,194791
302255,194836
339622,194836
342003,194836
123058,194837
330594,194837
339622,194845
35289,194962
275883,194962
322047,194962
336343,194962
339622,195087
339622,195129
330594,195154
339622,195154
330594,195395
283564,195560
330504,195560
330594,195560
339622,195579
19221,195703
195637,195703
250649,195703
330504,195703
330594,195703
330588,195703
330621,195703
339622,195703
330594,195822
330594,196489
283564,196573
275883,197218
197253,197230
276021,197230
302234,197230
340165,197230
197253,197250
197253,197251
97286,197253
118062,197253
140433,197253
221727,197253
275883,197253
302234,197253
339622,197253
339885,197253
342003,197253
357340,197253
358682,197253
197250,197254
197253,197254
197261,197293
197335,197339
330504,197339
339622,197339
6911,197347
87475,197347
197335,197347
339622,197347
302646,197553
63749,197560
275883,197560
302646,197560
330531,197560
339885,197560
342003,197560
339622,197658
314121,197677
339622,197677
330531,199068
11583,199387
339622,199459
330594,199460
314121,199467
339622,199470
339622,199471
330504,199472
339622,199472
275883,199476
339622,199476
339825,199476
330594,199483
52150,199484
171596,199484
275883,199484
330594,199484
330544,199484
339622,199484
339885,199484
330594,199492
330594,199500
339622,199500
339622,199506
339622,199509
339629,199509
339622,199511
169283,199513
339622,199513
339859,199513
314121,199516
330594,199516
339622,199516
342003,199516
339622,199517
357340,199517
330594,199522
339622,199530
288812,199538
339622,199538
118062,199539
330594,199539
330603,199539
339622,199544
97286,199547
328550,199576
273662,199582
180725,199595
339622,199595
8654,199736
275946,199736
302234,199736
314121,199736
339622,199736
342003,199736
18533,199751
199750,199751
339622,199751
283564,199820
330594,199820
123058,200074
314121,200074
339622,200074
342003,200074
339622,200112
342003,200112
32146,200230
129479,200230
339622,200230
339622,200404
339622,200431
97286,200576
339622,200576
330594,200786
339622,200866
339622,200866
340165,200866
340165,200866
275883,201503
339622,201503
330594,201531
330603,201531
330594,201628
330621,201628
339622,201628
333515,201633
342003,201633
123058,201637
302646,201637
314121,201637
330594,201637
330613,201637
339622,201637
342003,201637
106696,201649
339622,201649
340165,201649
342003,201649
123058,201701
314121,201701
319689,201701
340165,201701
314121,201714
319689,201714
339622,201714
63749,201716
302255,201716
330594,201716
339622,201716
339629,201716
342003,201716
63749,201738
228526,201738
342003,201738
314121,201792
339622,201792
323388,202003
330531,202003
339622,202003
202030,202017
202030,202019
202030,202021
202030,202022
202030,202024
202030,202025
202030,202027
339622,202029
202030,202033
202030,202035
158188,202037
330594,202037
339622,202078
202030,202085
330504,202085
250649,202087
330594,202098
202116,202099
202109,202102
339622,202115
202030,202137
275883,202158
357340,202158
158188,202165
144258,202170
330504,202170
339622,202170
340165,202170
339622,202174
24661,202175
339622,202175
339622,202177
330594,202191
339622,202237
330594,202255
330638,202255
330621,202279
178992,202294
330594,202294
123058,202296
144258,202592
275883,202592
339622,202592
186343,202666
330594,202863
97286,203920
140433,203920
197545,203920
275883,203920
275907,203920
140433,203983
338047,203983
339622,203983
342003,203983
330594,203994
330621,203994
275883,204125
339622,204125
339629,204125
330594,204234
339622,204430
158188,205001
330594,205148
97286,205382
339622,205382
348760,205382
352663,205382
158188,205419
190798,205419
288723,205419
330594,205419
94189,205692
97286,205699
339622,205699
97286,205836
339622,205836
185005,206508
158188,206745
330621,206745
123058,206878
302255,206878
314121,206878
339622,206878
178686,207150
339622,207182
339622,220205
63749,220292
106696,220292
302234,220292
302646,220292
339622,220292
342003,220292
97286,221014
233045,221014
339622,221014
339622,221547
330594,221579
339622,221645
221727,221704
339622,221704
54654,221721
221727,221721
221727,221722
221727,221739
221727,221740
221727,221744
330544,221744
63749,222026
167541,222026
275883,222026
330504,222026
339622,222026
342003,222026
230640,222117
63749,222305
339622,222305
342003,222305
339622,222440
339622,222492
63749,222550
171213,222550
302234,222550
339622,222550
342003,222550
87475,222633
127216,222633
144258,222633
221727,222633
87475,222685
127216,222685
144258,222685
221727,222685
330504,222919
330531,222919
275883,223098
275909,223098
339622,223098
342003,223098
59054,223346
330544,223346
330594,223361
330504,223424
339622,223424
340165,223424
63749,223444
302234,223444
330531,223444
342003,223444
275883,223671
302234,223671
339622,223671
357340,223671
275883,223676
302234,223676
339622,223676
357340,223676
275883,223694
302234,223694
339622,223694
357340,223694
202052,224008
342003,224008
228526,224209
339622,224355
276021,224367
302234,224367
339622,224367
339622,224424
330556,224443
63749,224478
224480,224478
302234,224478
338047,224478
339622,224478
342003,224478
202052,224490
342003,224490
63749,224496
221727,224496
224480,224496
302234,224496
338047,224496
342003,224496
158188,224561
266866,224841
339622,224841
225148,225154
339622,225154
225148,225161
158188,225168
221727,225268
301285,225324
330594,225324
330594,225625
330594,225773
330594,226865
339622,227443
354598,227668
354598,227687
144258,227688
354598,227688
227742,227700
354598,227700
302234,227703
227742,227730
227727,227730
227723,227730
302234,227730
354598,227730
227711,227731
354598,227731
63749,227742
227693,227742
302234,227742
302646,227742
354598,227761
6911,227949
97286,227949
275905,227949
330504,227949
336343,227949
66496,227954
330594,227954
302234,227998
330504,227998
338047,227998
339622,227998
339622,228001
97286,228160
339622,228160
343134,228160
275883,228162
339622,228162
357340,228162
97286,228211
100703,228211
319311,228314
330504,228762
330594,228762
330588,228762
158188,228828
330594,228828
330594,228929
339622,228939
330594,229433
330638,229433
339622,229563
339622,230218
87712,230640
222117,230640
330594,231254
339622,231291
330594,231527
352749,231527
330594,232036
339622,232131
342003,232131
330594,232224
339622,232224
19221,232637
19701,232637
322047,232821
339622,232821
342003,232821
97286,232843
339622,232843
97286,232844
339622,232844
97286,232845
339622,232845
97286,232846
97286,232848
167541,232848
275883,232848
338047,232848
339622,232848
339885,232848
340165,232848
97286,232851
330594,232851
97286,232853
339622,232853
339622,232992
21782,233045
97286,233045
169807,233045
339622,233045
330594,233215
330594,233444
330621,233444
339622,233444
330594,233505
330621,233505
339622,233505
158188,234138
319689,234214
339622,234214
158188,234232
330594,234232
330638,234232
372191,234232
372114,234232
158188,234535
339622,234602
158188,234743
330594,234743
158188,234954
330594,234954
158188,234996
330594,234996
339622,235173
248055,235217
248070,235217
235217,235256
302255,235292
342003,235292
339622,235370
6911,235411
235370,235411
339622,235411
97286,235439
339622,235439
118062,236213
228526,236317
228526,236319
275852,236319
339622,236319
339622,236374
339622,236737
339622,236993
6911,236996
97286,236996
322047,236996
336343,236996
338047,236996
339622,236996
340165,236996
342003,236996
367637,236996
87475,237015
339622,237015
97286,237038
161106,237038
339622,237038
144258,237196
162667,237196
302234,237497
339622,237497
237621,237629
339622,237629
106696,237656
336343,237656
357340,237656
63749,237782
222026,237782
339932,237782
342003,237782
275883,238057
314625,238057
339622,238057
275883,239080
330594,239255
339622,239405
97286,239926
339622,239926
283564,240026
240440,240306
240308,240306
240435,240306
240440,240312
64052,240322
141460,240322
240308,240322
341260,240322
240312,240335
240330,240335
330594,240335
66628,240387
240330,240440
240527,240440
240318,240491
240330,240491
97286,240607
339622,240607
158188,240649
330594,240649
97286,240692
339622,240692
339622,240714
105956,240927
302255,240927
339622,240927
342003,240927
330594,241086
330594,241091
330594,241095
339622,241095
330594,241200
339622,241200
275816,241334
339622,241387
339622,241466
342003,241466
242837,241566
275905,241566
284914,241566
330504,241566
339622,241566
227723,241686
354598,241686
354598,241732
266866,241799
227688,241836
248055,241889
339622,242346
330594,242353
330603,242353
330621,242353
330594,242361
6911,242504
260467,242618
330594,242618
342003,242618
330594,243958
330621,243958
330638,243958
339622,243958
330594,244099
106696,244744
339622,244744
87712,244809
97286,244809
330594,244809
357340,244809
6911,244813
339622,244813
339902,244813
330594,244828
69182,244944
339622,244944
97286,245524
339622,245524
97286,245558
339622,245558
339622,245747
339825,245747
158188,245806
330504,245806
330594,245806
330594,246553
339622,246733
340095,246733
339622,246734
339825,246734
339622,246736
87475,246741
105462,246741
178992,246741
336343,246741
339622,246741
97286,246774
275883,246774
339622,246774
339885,246774
339622,246808
357340,246808
339622,246943
6911,247214
275883,247214
330504,247214
339622,247214
91700,247243
247243,247243
322047,247243
339622,247243
158188,247648
330594,247648
247988,247992
247981,248002
248013,248033
339622,248045
342003,248045
248055,248059
235217,248068
248070,248094
275990,248897
302234,248897
302646,248897
314121,248897
339622,248897
342003,248897
144258,249036
330594,249036
330504,249344
330594,249434
158188,249782
66496,250179
330504,250522
339622,250522
339622,251122
167514,251264
275883,251264
339622,251264
339885,251264
87475,251638
48284,251974
275883,251974
339622,251974
340165,251974
340207,252976
220205,254158
283564,254158
330504,254158
339622,254158
339783,254158
339622,254275
158188,254430
330594,254430
6911,254958
275883,254958
339622,254958
255491,255470
339622,255616
339622,256499
339783,256499
69180,257119
339622,257327
339629,257327
339622,257744
330594,257755
330638,257755
339622,257755
330594,258009
328550,258509
336343,258509
339622,258509
269814,258927
275883,258927
275904,258927
330756,258927
339622,258927
340052,258927
44760,258988
197545,258988
275883,258988
289053,258988
330504,258988
339622,258988
339867,258988
340012,258988
342003,258988
357340,258988
339622,259004
330504,259111
339622,259111
140433,260011
339622,260011
19221,260467
330594,260467
339622,260467
283564,260588
339622,260735
158188,261219
314121,262209
330594,262209
330621,262209
339622,262401
158940,262403
330594,262403
330621,262403
158188,262464
330594,262949
339622,262949
330504,264774
339622,264774
339783,264774
340095,264774
340050,264774
339622,264975
339622,265354
342003,265354
339622,266367
339622,266866
339622,266917
266866,266935
260011,266938
339622,266938
66496,267310
63749,267726
339622,267726
342003,267726
6911,268496
339622,268496
339859,268496
158188,268616
330594,268616
330531,269182
339622,269182
339622,269255
221727,269589
339622,269589
140433,272348
158188,272348
330594,272348
330544,272348
330556,272348
339622,272348
339622,275647
339622,275765
1237,275768
63749,275768
336343,275768
339885,275768
342003,275768
339622,275772
275883,275774
339622,275774
246722,275775
339622,275775
330594,275777
339622,275777
339622,275780
275883,275782
339622,275782
340095,275782
339622,275788
339622,275788
330504,275790
339622,275790
275883,275791
336343,275791
339622,275792
339622,275795
339622,275805
339622,275808
339622,275812
339622,275813
102728,275814
158188,275814
330594,275814
339622,275816
339622,275819
339622,275832
129479,275837
339622,275837
275883,275839
339622,275839
6911,275846
275883,275846
339622,275846
342003,275846
357340,275846
339622,275850
339622,275852
339622,275854
275852,275859
275883,275859
275905,275859
284914,275859
336343,275859
339622,275859
339885,275859
275883,275866
339622,275866
339948,275866
144258,275867
275808,275867
330504,275867
339622,275867
275883,275868
339622,275868
275883,275876
339622,275876
339885,275876
357340,275876
66883,275883
137713,275883
138691,275883
197545,275883
330504,275883
332474,275883
339622,275883
339885,275883
340165,275883
357340,275883
339622,275886
339622,275887
275883,275894
339885,275894
339622,275895
330531,275898
330594,275898
284914,275905
330504,275905
339622,275905
339622,275907
123058,275910
221727,275910
339622,275910
330504,275912
339622,275912
339622,275913
339622,275915
339622,275916
339885,275916
339622,275924
63749,275925
275883,275925
339622,275925
339622,275926
330531,275927
339622,275927
342003,275927
339622,275946
6911,275953
161106,275953
275883,275953
275976,275953
295574,275953
301327,275953
330531,275953
339622,275953
339885,275953
340095,275953
339622,275956
339622,275958
339622,275963
339622,275966
339622,275969
221727,275970
330594,275970
38083,275976
221727,275976
336343,275976
339622,275976
339622,275979
339622,275981
339622,275987
275883,275997
275876,275997
340038,275997
340052,275997
357340,275997
97286,276007
123058,276007
314121,276007
339622,276007
339885,276007
302234,276021
339622,276021
357340,276042
330594,277102
330638,277102
6911,277612
251906,277612
339622,277612
330594,278385
87783,278795
87909,278795
330594,278795
330638,278795
342767,278795
330594,278972
330638,278972
330719,278972
330594,279009
330594,279221
330635,279232
232637,279250
339622,279250
138691,279321
339622,279321
339622,280050
37258,280432
330594,280432
333415,280432
339622,280432
371776,280432
123058,280548
339622,280548
275883,280561
275905,280561
280548,280561
339622,280561
330594,280714
342003,280714
54654,280795
342003,280795
221739,280868
330594,280868
333263,280868
339622,280868
342003,280868
275883,281088
339622,281088
125222,281166
330594,281736
330638,281736
96983,281956
339622,281956
97286,282130
138691,282196
339622,282196
275883,282224
339622,282224
339885,282224
87712,282370
339622,282845
357340,282845
330594,282898
338047,282898
339622,282898
339629,282898
302618,283094
330594,283094
26559,283122
330594,283122
283295,283279
283287,283279
283310,283279
283281,283279
283285,283279
283284,283279
283282,283279
283285,283281
6911,283282
283310,283282
283285,283282
330504,283282
339622,283282
283287,283284
283310,283284
283285,283284
283282,283284
283285,283287
283285,283295
283285,283310
339622,283370
342003,283370
330594,283445
330544,283445
330613,283445
283578,283564
330531,283564
283578,283574
330531,283574
275883,283575
322047,283575
339622,283575
339622,283943
339622,283947
32146,283953
129479,283953
339622,283953
339629,283953
32146,283984
129479,283984
339622,283984
339629,283984
330594,283995
123058,284268
302255,284268
314121,284268
323966,284268
339622,284268
339622,284314
342003,284314
344313,284314
24521,284499
105737,284499
124533,284499
339622,284499
125222,284617
267310,284617
330594,284617
330638,284617
330504,284704
339622,284704
330594,284835
339622,284835
106696,284882
202087,284882
330594,284882
333636,284882
339622,284882
342003,284882
339622,284914
96671,284958
125222,284958
330594,284958
330638,284958
89695,284965
125222,284965
330594,284965
275883,284978
339622,284978
339622,284988
339622,284996
339622,285032
339622,286011
21782,286016
97286,286016
169807,286016
244235,286016
339622,286016
339622,286176
330556,286224
330621,286224
330594,286357
97286,286379
97286,286408
339622,286408
169807,286431
339622,286431
339622,286625
97286,286667
339622,286667
330594,286962
330680,286962
333386,286962
167425,287108
275852,287108
339622,287108
97286,288068
339622,288068
339622,288084
339622,288209
330594,288723
6911,288726
339622,288726
330594,288736
97286,288779
302234,288779
339622,288779
289227,289236
322625,289236
330594,289236
330559,289236
330567,289236
330613,289236
330703,289236
330645,289236
330681,289236
330680,289236
330672,289236
275883,289719
357340,289719
54747,289722
167541,289722
246722,289722
275775,289722
275883,289722
339885,289722
357340,289722
289849,289837
289849,289841
330594,289841
330613,289841
339622,289841
330594,289849
330613,289849
339622,289849
289849,289850
339622,289850
339622,290151
339622,290378
330531,290458
330504,290502
339622,290502
339622,290521
158188,290566
330594,290566
339622,290577
87783,290614
330594,290614
330638,290614
357340,290614
339622,290634
158188,290680
330594,290680
330621,290756
330638,290756
330716,290756
330594,290811
169283,290868
357340,290868
339622,291611
342003,291842
319689,292073
339622,292073
342003,292073
97286,292360
339622,292360
123763,292403
339622,292403
97286,292540
169807,292540
184401,292540
244235,292540
339622,292540
330594,292758
97286,293007
97283,293007
339622,293007
339622,293551
302234,293600
330504,293600
339622,293600
340165,293600
339622,294256
339885,294256
330594,294282
332923,294282
339622,294733
123058,295152
302255,295152
339622,295444
63749,295465
140433,295465
191358,295465
295459,295465
295385,295465
330594,295465
339622,295465
339629,295465
185845,295574
330594,295668
339622,296135
330594,296189
38083,296605
322047,296605
275883,296789
339622,296789
339629,296789
339885,296789
319311,297140
66496,297202
259111,297202
266866,297202
330504,297202
339622,297202
340066,297202
52150,297314
336343,297314
339622,297314
339714,297314
330594,297390
330594,297396
158188,297511
300075,297628
339622,297628
339622,297671
339622,297696
342003,297696
330594,297727
330638,297727
300075,297858
302255,297980
330531,298124
339622,298124
330594,298308
330556,298308
202087,298422
330594,298806
339622,299996
339622,300009
300075,300047
339622,300047
330594,300048
330638,300048
339622,300056
266866,300075
275883,300075
339622,300075
339885,300075
138691,300363
357340,300363
66543,300441
97286,300450
339622,300450
158188,300454
116226,300821
330594,300821
330621,300821
339622,300821
122231,301236
330594,301236
97286,301275
339622,301275
97003,301285
330594,301303
96983,301310
242837,301310
336343,301310
301285,301323
330594,301323
96983,301327
242837,301327
336343,301327
339622,301361
97003,301365
330531,301395
330594,301395
339622,301395
339622,301410
123058,301472
158188,301472
97286,301642
339622,301642
106696,301708
161106,301708
336343,301708
140433,301770
302234,301770
302255,301770
338047,301770
339622,301770
342003,301770
97286,302196
330594,302196
26407,302215
339622,302215
302255,302244
342003,302244
330594,302259
339622,302259
342003,302259
67345,302618
158188,302618
330594,302618
333377,302618
339622,302718
123058,303935
220205,303935
339622,303935
8654,303957
63749,303957
302234,303957
314121,303957
338047,303957
339622,303957
340165,303957
342003,303957
265819,304055
330594,304186
158188,304260
339622,304267
275883,304280
290151,304280
339622,304280
275883,304304
290151,304304
339622,304304
339885,304304
339622,304378
158188,304379
158188,304507
63749,304523
158184,304523
221739,304523
302234,304523
330594,304523
330556,304523
338047,304523
339622,304523
169807,304813
339622,304813
221727,305494
330594,305494
333483,305494
339622,305769
330594,306012
178992,306079
330594,306079
339622,306206
339629,306206
339622,306349
339622,306353
342003,306353
330504,306392
339622,306392
342003,306485
158188,306526
330621,306526
158323,306666
257916,306666
330594,306984
330621,306984
339622,307138
339622,307144
339622,307222
371401,307222
330594,307380
158188,307411
330594,307411
96983,307593
242837,307593
339622,307593
339622,307653
63749,307987
302234,307987
302646,307987
322047,307987
330504,307987
338047,307987
342003,307987
357340,307987
339622,308219
308219,308222
221727,308270
21782,308390
169807,308390
244235,308390
339622,308390
330594,308458
97286,308581
339622,308581
123058,308603
339622,308603
342003,308603
11521,309065
97286,309065
275883,309065
275907,309065
339622,309065
339622,309142
158188,309366
330594,309366
339622,309480
339622,309489
144258,310085
301285,310085
330594,310085
330504,310149
6911,310173
339622,310173
339622,310238
339622,310307
275883,310379
275876,310379
275909,310379
302234,310379
314121,310379
339622,310379
339885,310379
342003,310379
357340,310379
307987,310528
330531,310528
339622,310528
342003,310528
339622,310611
340165,310611
342003,310611
26571,310646
158188,310646
314121,310646
330594,310646
330621,310646
158188,310698
330508,310698
330594,310698
339622,310953
339622,310957
330594,311175
338047,311175
158188,311266
330594,311266
330594,312094
339622,312104
339622,312202
339622,312626
6911,312990
330594,312990
339622,312990
97286,313064
167541,313064
205476,313064
275883,313064
336343,313064
339622,313064
339885,313064
357340,313064
339622,313261
330594,313299
63749,313438
105956,313438
339622,313438
342003,313438
330594,313852
330588,313852
309299,314008
339622,314008
29963,314121
334503,314121
314121,314148
339622,314148
342003,314148
314121,314153
339622,314153
342003,314153
339622,314266
339622,314525
26581,314582
63749,314582
97286,314582
105956,314582
129667,314582
167603,314582
275883,314582
342003,314582
339622,314594
66922,314625
158184,314625
221727,314625
314647,314625
330504,314625
330531,314625
330594,314625
330621,314625
333263,314625
339622,314625
66872,314633
158184,314633
221727,314633
314662,314633
330504,314633
330531,314633
330594,314633
330621,314633
333263,314633
339622,314633
314625,314644
314647,314644
314633,314646
314662,314646
221727,314647
221727,314662
339622,314681
339622,314867
229283,315105
339622,315105
63749,315114
294912,315114
342003,315114
275883,315154
275895,315154
339622,315154
339629,315154
339932,315154
339622,315193
330594,315214
330594,315351
330621,315351
339622,316316
330594,316503
330594,316528
339622,316719
338047,316796
339622,317475
339622,318460
66628,318681
339622,318731
330504,319311
339622,319311
97286,319612
339622,319612
339622,319689
342003,319689
319689,319696
339622,319698
339622,319827
158188,320056
222535,320056
330613,320056
123058,320829
330594,320829
339622,320970
330594,321240
330621,321240
158188,321311
330594,321311
330594,321340
330594,321381
66883,321460
138691,321460
339622,321460
1237,321510
63749,321510
275883,321510
320829,321510
338047,321510
339622,321510
342003,321510
322047,322168
330504,322168
339622,322495
330594,322625
330655,322625
63749,322798
302234,322798
302646,322798
330504,322798
330531,322798
338047,322798
342003,322798
357340,322798
339622,322993
53829,323001
97286,323001
161106,323001
339622,323001
352663,323001
330594,323015
63749,323728
95048,323728
123058,323728
302234,323728
314121,323728
330504,323728
339622,323728
342003,323728
32146,323744
129479,323744
197545,323744
309299,323744
322047,323744
339622,323744
8654,323966
319689,323966
339622,323966
342003,323966
140433,324086
339622,324086
221727,324088
330504,324088
330594,324088
339622,324088
339885,324088
161106,324120
144258,324280
339622,324475
330531,324542
330594,324542
340144,324542
163289,325033
344059,325033
97286,325334
339622,325334
339622,325504
330594,325582
330504,325591
339622,325608
339622,325794
131981,325917
8654,325995
8686,325995
339622,325995
339783,325995
340095,325995
340050,325995
342003,325995
144258,326107
158188,326406
330594,326406
63749,326418
66883,326418
302234,326418
342003,326418
339622,326493
339622,326512
97286,326708
339622,326708
322047,326979
342003,326979
276021,327294
339622,327294
118062,327552
330594,327552
330638,327552
333636,327552
330531,327581
339622,327586
297727,328061
330594,328061
330638,328061
158188,328307
330504,328307
330594,328307
339622,328307
6911,328311
197545,328311
242837,328311
301327,328311
339622,328311
330594,328313
330517,328550
330531,328561
330594,328561
339622,328561
330556,328668
333598,329039
339622,329262
33260,329349
330594,329762
330594,330037
63749,330078
302646,330078
314121,330078
339622,330078
342003,330078
89695,330483
180204,330483
330594,330483
330621,330483
330613,330483
330638,330483
333290,330483
333386,330483
330594,330485
330621,330485
330594,330486
330621,330486
330517,330504
89695,330505
125222,330505
158801,330505
180204,330505
330594,330505
330544,330505
330603,330505
330589,330505
330613,330505
330638,330505
333636,330505
330504,330509
330594,330509
330703,330509
339622,330520
358682,330520
94189,330523
339622,330523
330594,330536
330594,330539
330638,330539
158188,330540
283564,330540
330594,330540
330594,330541
330594,330544
330556,330544
330621,330544
158188,330545
330504,330545
330588,330545
330627,330545
330504,330549
330588,330549
330594,330552
330638,330552
158188,330556
330504,330556
330588,330556
330627,330556
330594,330557
330613,330557
333768,330557
330504,330559
330594,330559
330603,330559
330672,330559
330603,330562
302234,330564
330594,330564
330603,330564
330621,330564
330626,330564
330680,330564
330594,330567
330655,330567
330594,330570
330680,330570
330594,330571
330594,330575
330594,330576
158188,330577
330504,330577
330588,330577
330627,330577
330594,330578
330504,330579
330588,330579
330504,330581
330594,330583
330635,330583
330590,330586
330643,330586
330640,330586
330594,330589
330603,330589
330613,330589
330638,330589
158188,330594
330504,330594
330588,330594
330627,330594
330594,330596
330603,330596
330594,330597
330594,330599
330594,330600
330594,330602
56844,330603
330594,330603
330567,330603
330626,330603
330655,330603
330635,330605
333550,330605
330594,330607
330545,330607
330556,330607
330621,330607
330652,330607
330594,330611
330621,330612
87909,330615
330594,330615
330621,330616
333550,330616
333553,330616
330594,330617
158188,330621
330504,330621
330588,330621
330627,330621
330594,330624
330594,330625
330613,330625
330594,330626
330545,330626
330556,330626
330621,330626
330627,330626
330652,330626
330594,330627
330545,330627
330556,330627
330621,330627
330652,330627
330504,330628
330594,330628
330687,330628
330626,330628
330667,330628
330638,330628
330594,330629
330594,330630
314121,330632
330594,330632
330603,330638
330590,330640
330643,330640
158188,330641
330594,330644
330556,330644
330621,330644
330681,330645
330504,330650
330588,330650
158188,330652
330504,330652
330588,330652
330627,330652
330621,330653
330594,330656
330594,330658
330594,330660
330594,330667
330594,330672
330655,330672
330504,330673
330588,330673
330603,330676
330613,330676
330594,330677
330638,330677
330594,330680
330556,330680
330603,330680
330613,330680
330654,330680
330594,330681
140433,330683
330544,330683
330621,330683
330594,330687
330544,330687
330603,330687
158188,330689
330594,330689
138994,330693
330594,330693
330544,330693
354793,330693
330594,330698
330545,330698
330556,330698
330621,330698
330607,330698
330652,330698
330504,330701
330594,330701
330594,330703
330655,330703
330594,330713
330556,330713
330621,330713
330594,330719
97286,330721
167541,330721
275883,330721
330727,330721
339622,330721
339629,330721
339885,330721
97286,330727
330594,330741
330556,330741
330603,330741
330621,330741
330594,330747
330594,330752
330594,330755
158188,330770
330594,330770
330594,330821
339622,331491
339622,332304
2315,332632
302234,332632
330531,332632
339622,332632
302234,332736
339622,332736
342003,332736
302234,332808
339622,332808
342003,332808
66786,332856
158188,332856
314121,332856
330594,332856
97286,332867
339622,332867
342003,332867
339622,332901
340165,332901
66842,332919
158188,332919
229301,332919
330594,332919
330594,332953
330613,332953
123058,332962
339622,332962
342003,332962
342003,332965
330594,333042
342003,333092
123058,333107
302234,333107
330594,333107
338047,333107
339622,333107
342003,333107
221727,333263
330594,333264
221727,333281
330544,333287
87783,333290
125222,333290
330594,333290
330603,333290
330638,333290
330594,333292
330594,333296
330544,333296
330594,333304
330556,333304
330621,333304
330594,333305
330594,333316
330544,333316
330594,333321
333550,333321
330594,333322
330638,333322
87786,333323
125222,333323
330603,333323
333550,333323
333585,333323
330594,333328
330594,333345
330594,333347
330544,333347
54654,333348
330594,333348
330594,333357
330594,333365
330621,333365
27351,333375
97286,333375
99349,333375
170182,333375
302234,333375
339622,333375
342003,333375
330594,333377
330594,333378
330594,333380
56844,333382
330594,333382
330567,333382
330626,333382
330655,333382
330594,333389
330603,333389
330594,333397
330626,333397
333449,333397
330594,333405
333321,333405
330594,333410
333321,333410
330594,333424
330635,333424
330594,333425
330638,333425
330594,333428
330594,333431
330621,333431
333550,333431
333553,333431
330594,333432
330544,333432
330603,333432
330594,333438
158188,333443
330504,333443
330588,333443
330627,333443
330594,333449
330594,333461
330594,333478
330594,333485
221727,333487
333483,333487
330594,333488
330638,333494
199531,333495
302234,333495
330594,333495
330544,333495
330603,333495
330613,333495
330635,333495
330594,333499
330594,333504
158188,333510
330594,333510
330594,333511
333577,333511
199531,333513
302234,333513
330594,333513
330603,333513
330613,333513
330635,333513
333304,333513
1237,333515
275825,333515
302234,333515
330531,333515
339622,333515
342003,333515
330594,333523
330556,333524
330638,333524
330594,333526
328550,333532
330594,333533
283564,333534
330594,333534
330621,333541
330594,333543
330544,333543
330613,333543
97286,333545
330594,333545
158188,333546
330594,333546
158386,333549
328550,333549
330627,333549
333392,333549
158386,333550
328550,333550
330627,333550
333392,333550
158386,333553
328550,333553
330627,333553
333392,333553
330594,333568
330737,333568
330638,333571
330556,333572
330621,333572
330594,333574
330594,333577
330594,333578
330594,333579
330621,333579
330594,333580
339622,333580
333386,333585
330594,333588
330556,333588
330621,333588
333550,333612
330594,333613
330594,333618
357340,333621
330594,333625
330613,333625
63749,333627
158184,333627
221739,333627
302234,333627
330594,333627
330556,333627
338047,333627
339622,333627
330594,333628
330556,333628
330603,333628
330621,333628
330594,333630
283995,333631
330556,333631
330594,333656
26540,333663
330621,333663
330594,333669
302234,333674
342003,333674
330594,333683
185529,333701
330594,333701
333768,333701
330594,333704
330621,333704
330594,333706
330544,333706
330504,333715
330594,333715
330621,333715
330621,333719
302234,333735
330594,333735
330680,333735
333638,333735
339622,333735
342003,333735
185529,333768
322625,333768
330594,333768
330559,333768
330567,333768
330597,333768
330613,333768
330626,333768
330703,333768
330645,333768
330681,333768
330680,333768
330672,333768
97286,333777
330594,333777
94919,333988
339622,333988
37258,334428
63749,334428
275852,334428
302234,334428
314121,334428
339622,334428
342003,334428
29963,334503
330594,334503
339622,334503
330594,334527
339622,334527
339622,334532
202087,335274
283564,335274
330504,335274
339622,335274
357340,335274
275883,335312
302234,335312
339622,335312
339629,335312
339885,335312
342003,335312
6911,335471
339622,335471
339622,335643
106696,336136
330594,336171
97286,336188
339622,336188
339622,336343
339622,336404
339622,336458
221727,336820
275883,336820
339622,336820
339810,336820
339885,336820
187105,337109
233045,337109
339622,337109
302234,337418
330711,337418
339622,337421
336343,337427
339622,337427
339622,337468
339622,337660
97286,337676
330594,337676
228526,337691
339622,337875
330594,338042
63749,338047
97286,338061
339622,338061
339622,338138
330594,338406
330621,338406
339622,338522
123058,338547
302255,338547
330594,338547
330613,338547
330680,338547
339622,338547
339622,338558
330594,338566
330621,338566
339622,339629
339622,339631
155229,339634
339622,339634
339629,339634
339928,339634
155229,339636
339622,339636
339629,339636
339928,339636
302234,339644
338047,339644
339622,339644
342003,339644
302234,339655
338047,339655
339622,339655
342003,339655
339622,339660
339622,339664
339999,339664
339622,339668
339622,339694
339622,339695
339622,339698
97286,339702
339622,339710
340095,339710
339622,339714
339622,339724
339622,339729
340038,339729
339622,339730
161106,339731
339622,339731
314121,339732
339622,339732
275883,339736
339622,339736
339664,339736
339999,339736
339622,339743
330504,339744
339622,339744
339622,339750
339670,339750
339783,339750
340095,339750
340050,339750
340043,339750
339627,339751
339622,339755
339622,339765
339622,339766
222026,339773
339622,339780
339622,339781
340095,339781
340050,339781
97286,339785
161106,339785
275883,339785
301327,339785
336343,339785
339622,339785
339885,339785
97286,339786
339979,339786
342003,339786
339622,339796
275883,339802
339622,339802
339885,339802
339622,339804
330504,339805
339622,339805
339622,339810
339622,339813
339622,339816
339622,339817
339622,339820
339622,339826
339622,339827
339622,339833
339622,339836
97286,339840
275825,339840
339979,339840
339622,339845
221727,339851
339622,339851
339622,339853
339622,339855
6911,339860
129667,339860
339622,339860
339885,339860
161106,339862
339622,339862
339622,339867
339622,339870
339622,339875
339622,339876
26664,339885
140433,339885
171596,339885
275883,339885
275907,339885
339622,339885
339755,339885
342003,339885
339622,339886
339622,339896
339622,339897
339622,339900
339622,339903
339622,339907
339622,339912
275852,339916
339622,339916
339946,339916
339622,339917
339622,339925
339622,339928
339629,339928
339622,339932
330504,339935
330737,339935
339622,339935
339622,339936
339622,339941
339622,339942
339622,339944
339622,339946
339622,339949
339622,339951
339935,339951
339951,339951
339622,339959
275883,339961
339622,339961
19701,339962
339885,339964
340159,339964
339885,339966
340159,339966
330531,339967
339622,339967
339622,339968
339885,339969
340159,339969
339885,339970
340159,339970
97286,339976
275883,339976
339622,339976
339629,339976
339885,339976
97286,339979
340095,339979
339622,339984
339622,339999
339622,340005
339622,340010
339622,340012
339867,340012
339622,340016
144258,340020
339622,340022
339622,340038
339622,340040
97286,340044
197545,340044
275883,340044
332474,340044
339622,340044
339783,340044
339885,340044
339622,340054
322047,340055
330504,340058
339622,340059
275883,340061
339622,340061
330504,340080
342003,340080
339622,340085
339622,340094
339622,340096
339622,340102
330504,340108
339622,340108
339622,340131
37258,340144
44798,340144
275883,340144
283564,340144
339622,340144
339948,340144
340129,340144
340165,340144
339622,340151
330504,340153
339622,340153
339932,340153
37258,340159
44798,340159
275883,340159
283564,340159
339622,340159
339948,340159
340129,340159
340165,340159
339622,340160
357340,340160
339622,340165
275883,340178
339622,340178
339622,340803
167637,340846
330594,341050
123058,341099
123058,341108
158188,341108
339622,341109
240322,341260
339622,341671
330531,341679
339622,341679
330531,341684
339622,341684
339622,341691
330594,341710
330594,341713
330594,341713
275883,341724
158188,341740
330594,341740
302234,341834
338047,341834
339622,341834
158188,341899
158188,341939
342003,341942
314121,341948
339622,341948
342003,341948
330594,341950
330621,341950
341944,341950
342003,341950
97286,341954
339622,341954
63749,341965
338047,341965
339622,341965
342003,341965
339622,341966
342003,341966
158188,341969
330594,341969
339622,341969
342003,341969
302646,341971
311175,341971
338047,341971
339622,341973
342003,341973
97286,341974
63749,342003
66883,342003
140433,342003
221739,342003
295459,342003
302234,342003
330594,342003
330556,342003
333263,342003
336343,342003
338047,342003
339622,342003
339629,342003
97286,342006
161106,342006
339622,342006
302234,342205
302646,342205
330531,342205
338047,342205
342003,342205
357340,342205
330594,342210
330544,342210
8654,342270
63749,342270
66496,342270
156107,342270
302646,342270
330531,342270
342003,342270
125222,342396
330505,342396
330594,342396
330603,342396
330621,342396
330680,342396
275883,342411
322047,342411
339622,342411
357340,342411
19221,342486
97286,342685
330594,342767
330621,342767
330638,342767
330504,342860
97286,342985
339622,342985
97286,343074
339622,343074
343134,343074
339622,343117
342003,343117
339622,343134
339622,343141
3079,343155
6911,343155
314121,343155
328550,343155
339622,343155
340165,343155
342003,343155
328550,343221
339622,343221
339622,343260
97286,343313
339622,343313
158188,343421
330594,343421
339622,343824
106696,343834
339622,343834
343832,343835
314121,343889
158188,343967
275883,343967
330621,343967
339885,343967
339622,344126
202087,344553
54654,344732
330594,344732
63749,344763
302234,344763
339622,344763
342003,344763
63749,344826
302234,344826
339622,344826
342003,344826
330594,344908
330594,344923
339622,345053
129366,345779
275883,345917
339622,345917
158188,346215
221727,346292
302234,346292
302255,346292
336343,346292
338047,346292
339622,346292
342003,346292
339622,346328
275883,347241
339622,347241
314121,347541
330594,347541
330621,347541
339622,347880
97286,347934
339622,347934
330505,348215
330504,348325
339622,348325
339629,348325
340165,348325
342003,348325
357340,348325
339622,348364
330603,348568
333550,348568
330594,348573
330638,348573
339622,348723
339622,348760
167958,348782
339622,348782
97286,348947
339622,348947
330594,349306
179303,349419
330594,349419
330638,349419
275946,349467
314121,349467
330531,349467
339622,349467
342003,349467
106696,349487
322047,349487
97286,349606
322047,349606
339622,349606
342003,349606
97286,349618
161106,349618
319311,349618
339622,349618
357340,349618
347392,349627
63749,349819
106696,349819
129667,349819
140433,349819
314121,349819
339622,349819
357340,349819
330594,350127
330603,350127
330621,350127
339622,350327
339622,350981
330594,351045
330544,351045
275852,351491
330504,351491
339622,351491
330594,351498
339622,351500
330504,351569
339622,351569
197253,352058
144258,352607
352624,352624
26540,352634
105956,352634
106696,352634
190798,352634
302255,352634
330594,352634
330613,352634
330680,352634
339622,352634
342003,352634
352624,352655
97286,352663
339622,352663
26540,352678
105956,352678
106696,352678
190798,352678
302255,352678
330594,352678
330613,352678
330680,352678
339622,352678
342003,352678
352624,352678
231527,352749
330594,352749
330504,352781
339622,352781
330594,352806
158188,352990
105956,353044
314121,353044
339622,353044
97286,353400
336343,353400
339622,353400
330594,353563
199736,353605
314121,353605
339622,353605
342003,353605
97286,353663
97283,353663
292360,353663
339622,353663
97286,353682
339622,353682
158188,354022
87475,354498
190798,354498
97286,354594
333550,354594
339622,354633
275883,354639
339622,354639
339629,354639
340165,354639
339622,354656
354769,354753
97286,354761
339622,354761
289557,354769
339622,355239
236737,355902
333594,355902
339622,355902
357340,355902
339622,355972
339622,356035
339622,356076
339622,356159
330594,356220
158188,356477
330594,356477
330638,356477
339622,356636
357340,357290
357340,357303
8654,357305
330504,357305
357340,357305
339622,357476
322625,357550
330594,357550
330559,357550
330567,357550
330613,357550
330703,357550
330645,357550
330681,357550
330680,357550
330672,357550
357602,357550
105956,357921
339622,357921
339629,357921
339622,358688
221727,359580
330594,359580
339622,359580
123058,359749
330594,359749
330544,359749
338047,359749
339622,359749
342003,359749
330531,359947
339622,359947
339622,359973
330594,360380
275883,360609
339622,360776
342003,360776
123058,360823
158188,360823
302255,360823
314121,360823
330594,360823
339622,361118
66958,363756
330594,363913
302255,364440
302646,364440
339622,364440
342003,364440
158188,364761
330594,364761
330621,364761
330594,365315
97286,365587
339622,365587
330594,366264
330544,366264
302234,366429
330594,366429
87712,366678
97286,366678
330504,367115
330594,367115
330588,367115
333415,367115
330594,367129
330544,367129
330594,367226
330594,367525
330504,367593
339622,367593
97286,367637
339622,367637
144258,367737
162667,367737
330594,368002
339622,368002
330504,368003
339622,368003
339622,368713
330594,368912
330594,369222
339622,369403
330594,369590
330544,369590
330603,369590
369866,369803
369866,369827
330621,369845
369866,369854
369866,369865
295574,369866
330504,369866
339622,369866
221727,369881
339622,369901
339622,370297
314582,370512
158188,370514
336343,371401
339622,371401
6911,371402
288084,371402
330504,371402
339622,371402
63749,371679
275883,371679
338047,371679
339622,371679
339885,371679
342003,371679
339622,371776
123058,371826
140433,371826
342003,371826
371867,371826
339622,371832
339622,371867
372191,372114
257755,372191
330594,372191
330544,372191
330638,372191
333571,372191
372125,372191
158188,372192
330531,372694
339622,372694
221727,372725
330594,373041
330603,373041
330621,373041
125222,373485
